id;title;description;image;image_content_type;restaurant
1;really;per;../fake-data/blob/hipster.png;image/png;stabilise
2;burst generalize pace;tailor;../fake-data/blob/hipster.png;image/png;suit potential phew
3;neatly;mid;../fake-data/blob/hipster.png;image/png;geez
4;wetly;hence;../fake-data/blob/hipster.png;image/png;glaze amazing
5;whoever accident brr;trench gee;../fake-data/blob/hipster.png;image/png;spotless doting fooey
6;oof;unfolded;../fake-data/blob/hipster.png;image/png;administer ick bleak
7;blindly how cohabit;luminous swerve paltry;../fake-data/blob/hipster.png;image/png;whose after
8;gargantuan at whether;jovially until;../fake-data/blob/hipster.png;image/png;blah unto standard
9;stultify;pish;../fake-data/blob/hipster.png;image/png;er ken
10;aw yahoo;fooey behind;../fake-data/blob/hipster.png;image/png;helpfully
